LIVE_W_PARTNER,category,n,percent
Yes,boundary,66,17.74193548
No,boundary,13,8.496732026
Yes,deeper_bond,150,40.32258065
No,deeper_bond,40,26.14379085
No,less_con,47,30.71895425
Yes,less_con,16,4.301075269
Yes,less_intim,40,10.75268817
No,less_intim,34,22.22222222
Yes,neg_arousal,43,11.55913978
No,neg_arousal,7,4.575163399
Yes,none,41,11.02150538
No,none,7,4.575163399
Yes,other,12,3.225806452
No,other,1,0.653594771
No,rec_cope,4,2.614379085
Yes,rec_cope,4,1.075268817
